id,username,created_at,lng,lat,text
1521996598452047872,floridagigi11,Wed May 04 23:34:01 +0000 2022,-81.61250849999999,30.0942515,@N76247476Man She needs to put the blue eyeshadow brush down now
1521996598607241216,jhicks50,Wed May 04 23:34:01 +0000 2022,-79.861034,35.1704985,@realDailyWire As it should.
1521996598800269313,Draccus5,Wed May 04 23:34:01 +0000 2022,-75.903592,42.111785499999996,@TeetRoot54 @TheLeoTerrell You mean where 70% of the party voted for some not endorsed by Sugar Yam Tits and completely unelectable sure Jan
1521996599114797059,hjmalvarado,Wed May 04 23:34:01 +0000 2022,-96.7617535,32.819858499999995,Thank you for making us feel appreciated everyday ü•∞üôÉ.  You are a joy to work with.
1521996599135768577,Bangtan_Throne,Wed May 04 23:34:01 +0000 2022,-97.65123249999999,30.461272,Was such an amazing 2 days üò≠I can't wait to be able to see them again üíú
1521996597642637314,JoshMeloyMusic,Wed May 04 23:34:00 +0000 2022,-98.716992,35.3090465,New one drops this Friday.Can‚Äôt Put The Bottle Down. Y‚Äôall spread the word ü•É https://t.co/A9MwXrb7T2
1521996599530070023,ParisAKing,Wed May 04 23:34:01 +0000 2022,-92.342322,34.721886,This shit look üî•üî•üî•üî•üî•
1521996599861420034,tf1ynn,Wed May 04 23:34:01 +0000 2022,-82.67290299999999,27.7957195,"i straight up left the softball field without shaking hands after the game we lost in the playoffs, and my coach ju‚Ä¶ https://t.co/Owr2SftY88"
1521996600553340928,pops3284,Wed May 04 23:34:01 +0000 2022,-115.135165,36.0609645,I feel so bad for laughing at this
1521996602562469889,DJA_62,Wed May 04 23:34:02 +0000 2022,-81.5167515,41.0808775,"‚ÄúSometimes I think it's a sin, when I feel like I'm winning when I'm losing again‚Ä¶‚Äù"
1521996602315096064,selfmadeaml3,Wed May 04 23:34:01 +0000 2022,-83.1738665,32.6782075,"Getting Work Done Today With Freshman Braxton Mays, Freshman Rashod Daniels, Sophomore Allan Hill And Junior Jamari‚Ä¶ https://t.co/H2UMrfmk3p"
1521996606102556672,WSteveChandler,Wed May 04 23:34:02 +0000 2022,-86.6807375,32.576227,@ethanclynne @actblue Let‚Äôs keep it going . We need to buy an army to protect America from 5 Supreme Court justices‚Ä¶ https://t.co/kvO0kaEUE7
1521996606328950784,iraleeiswack,Wed May 04 23:34:02 +0000 2022,-73.5674572,45.50186534,"My flavour, is a temperature. @ Downtown, Montreal https://t.co/vuTPPp2HEN"
1521996606882689026,kevineckleberry,Wed May 04 23:34:03 +0000 2022,-85.058721,33.039371,Headed to the seventh inning. LaGrange leads Flowery Branch 7-5. https://t.co/ZdVsDrqfDg
1521996607696388096,rtantalo,Wed May 04 23:34:03 +0000 2022,-80.93379638,35.07617893,"I'm at @FoodLion Grocery Store in Fort Mill, SC https://t.co/yjupjjkcrz"
1521996606853181440,Faugustus2nd,Wed May 04 23:34:03 +0000 2022,-122.194398,47.481598,"@hana___anah He and I are both with you üíØ. I am disgusted with our veer into such a completely fascist, theocratic‚Ä¶ https://t.co/1azUlhsFvS"
1521996608069455873,rkaufer,Wed May 04 23:34:03 +0000 2022,-122.3306025,47.614817,@gib723 My pecking style of typing doesn‚Äôt work in a fast-paced work environment!
1521996609625616384,kendarudesu,Wed May 04 23:34:03 +0000 2022,-117.0226945,38.502147,@Miyabi_Amuro I seen it too ü´† but I did not want to believe.
1521996609998962690,wvnnie_,Wed May 04 23:34:03 +0000 2022,-100.0768885,31.1688935,‚Ä¶ just sick
1521996610041008129,camperow88,Wed May 04 23:34:03 +0000 2022,-122.4567642,37.7242393,Drinking a Gorilla by @kingcongbrewing @ Ocean Ale House ‚Äî https://t.co/IIpTbbJeiB
1521996610150019072,somespoiltbrat,Wed May 04 23:34:03 +0000 2022,-83.6540795,32.848817499999996,This nigga moving in and ion like that‚Ä¶
1521996612066852864,WaavyXXL,Wed May 04 23:34:04 +0000 2022,-73.8311875,40.6708795,@BallersHere My flight leave at 9:20 ü•∫
1521996610930102277,IAmNickReynolds,Wed May 04 23:34:04 +0000 2022,-81.033389,34.000764,"Can't hear the speeches well, but you can hear the chants alright. https://t.co/7mCpxfgHnG"
1521996612633083905,bookwhore322,Wed May 04 23:34:04 +0000 2022,-86.84675250000001,40.407236,@VTheexcelsior @Jen_Favey @SuziRoyalReads Exactly! I‚Äôll sleep on the plane going home!
1521996613161390081,infante664,Wed May 04 23:34:04 +0000 2022,-115.223125,36.232915,BTS -  Proof Logo Trailer | Live View Count https://t.co/14zUgh3Hsv v√≠a @YouTube
1521996614726004736,Isabellamosel7,Wed May 04 23:34:04 +0000 2022,-97.432425,27.737151,@goldsoulll47 Lmao ü§£ people always assuming but stay you and stay tru booooo
1521996615246045185,JoeSanchez2702,Wed May 04 23:34:05 +0000 2022,-83.1738665,32.6782075,@BatwoMANDA That entire outfit is dope!üôåüî•
1521996615623577601,secondcityy,Wed May 04 23:34:05 +0000 2022,-87.732013,41.8335845,"I don‚Äôt know why there are fighter jets overhead right now, but it feels fitting given this bizarrely dystopian week ü´£"
1521996615715749888,Jimthomsen,Wed May 04 23:34:05 +0000 2022,-120.882482,47.273022,"‚ÄúAndrea tried not to blame her husband for her unhappiness, but it was hard not to, since he was responsible for he‚Ä¶ https://t.co/vdHh4r1WAh"
1521996616575635456,andrewkirima,Wed May 04 23:34:05 +0000 2022,-97.754724,30.323345500000002,@jamessinka @anduriltech @formlabs Anything like @VenusAerospace @Astranis of interest?Link to entire job board: https://t.co/5SzOZPbNr4
1521996617288765444,natariajai,Wed May 04 23:34:05 +0000 2022,-91.0907995,30.4591,I can provide all that other shit istg
1521996617640906754,_NinoBond,Wed May 04 23:34:05 +0000 2022,-87.9672925,43.0567225,@mamneal My legs will be out üòÇ
1521996618551246849,syssecserv,Wed May 04 23:34:05 +0000 2022,-98.5406515,29.417501,"To me, that was ""disinformation"" and ""misinformation"", because it's certainly not true.  But I can't stop her from‚Ä¶ https://t.co/dB3z0EjPix"
1521996619066920960,JreidPrime,Wed May 04 23:34:05 +0000 2022,-112.12467649999999,33.5528625,Hundreds of strangers come to watch my band play every show but my closest friends can‚Äôt keep up and ‚Äúneed an invit‚Ä¶ https://t.co/fKF7NqsIVZ
1521996619687751680,knowleskathy,Wed May 04 23:34:06 +0000 2022,-122.4359785,37.7706565,@heatherosejones I can‚Äôt wait ü§£ü§£
1521996619662639105,mirandaiiisms,Wed May 04 23:34:06 +0000 2022,-83.804475,27.698681999999998,"Oh well, I‚Äôm depressed."
1521996619914350593,SeanThatNiggaa,Wed May 04 23:34:06 +0000 2022,-90.24782400000001,38.653771,I wonna make a Spanish song
1521996618911961094,NorthoverEmily,Wed May 04 23:34:05 +0000 2022,-79.820465,43.381395999999995,Welcome to Kindergarten was a success- someone‚Äôs ready! @HCDSB_k @StRaphaelSch #CatholicEducationWeek https://t.co/86XA8klsvJ
1521996620124073985,cardinals150,Wed May 04 23:34:06 +0000 2022,-94.5449485,37.164145500000004,@pickleator @rickhasen @LeahLitman @ProfMMurray No one survive in office voting for that
1521996620606320641,BrianSFernandez,Wed May 04 23:34:06 +0000 2022,-112.12467649999999,33.5528625,I am getting ready to leave @USAA after seeing this - their rates went up and I have never filed a claim. Now I am‚Ä¶ https://t.co/3hkAVel9Lf
1521996621168455683,theTonyTaylor,Wed May 04 23:34:06 +0000 2022,-95.4500198,30.1838398,Chewy‚Ä¶.! - Drinking a BJ's Zany Zitrus¬Æ Hazy IPA by @bjsrestaurants at @bjsrestaurants  ‚Äî https://t.co/88TGPBxK8e
1521996621680193536,steviethefidi,Wed May 04 23:34:06 +0000 2022,-79.5657915,43.837104499999995,"Fidi found #ethereum in a User vault at this location! Join me playing #coinhuntworld, It's awesome!‚Ä¶ https://t.co/dIuy3yffn1"
1521996622242082816,mandy_rushton,Wed May 04 23:34:06 +0000 2022,-119.468245,49.025176,@davelackie That key ring though!!!!! Eiffel Tower üíç üá´üá∑ü•ñüç∑‚òïÔ∏èüßÄ
1521996622426746880,AndrewTimoni,Wed May 04 23:34:06 +0000 2022,-74.2305125,40.581325500000005,@ace_enders I would enjoy that.
1521996622409969664,KBZO_,Wed May 04 23:34:06 +0000 2022,-97.116784,32.5735485,The worst üôÑ
1521996622787497985,JaseTxRi,Wed May 04 23:34:06 +0000 2022,-71.319225,41.74099,@RealJamesWoods They really do hate us.
1521996624842567680,EdwardDomain,Wed May 04 23:34:07 +0000 2022,-106.632718,35.1170025,Everyone in America collectively seeing The Video right now.
1521996626092609536,caiobchi,Wed May 04 23:34:07 +0000 2022,-80.4764035,43.43024,I guess I‚Äôm either getting old or just not interested in this whole blockchain stuff‚Ä¶ but I just don‚Äôt get the whol‚Ä¶ https://t.co/SjhXCrwwjX
1521996625949908995,deannadurbins,Wed May 04 23:34:07 +0000 2022,-94.8227755,29.287575,@janetgaynors That‚Äôs what I thought - she didn‚Äôt even mention what the inaccuracies were? I don‚Äôt want to bother he‚Ä¶ https://t.co/QUM39nl3lx
1521996626402975745,keaba_kush,Wed May 04 23:34:07 +0000 2022,-73.9487755,40.655138,Im.not about tonargue with anyone that wanna like up a transformer pictures ü§£. Maybe that transformer will teach you to tuck  nfs
1521996626792964096,ImpatienTourist,Wed May 04 23:34:07 +0000 2022,-79.2725695,43.629311,@TdotStateofMind My mom also has the same one and she loves it as well. Says it does a great job with dust
1521996626348462082,parvatisoprano,Wed May 04 23:34:07 +0000 2022,-80.12152900000001,26.8408065,@TeddyPeppersIII @hiphopgods @FrankTru1 @travessty @Charles34581131 @chopsueypalace I‚Äôm older than you so I‚Äôm gonna‚Ä¶ https://t.co/nEXHZ03jMO
1521996626855833600,GenesisCareers,Wed May 04 23:34:07 +0000 2022,-104.5230242,33.3942655,"When the unimaginable happens, Mission Arch Center - Genesis He... employees know they can turn to the Genesis Empl‚Ä¶ https://t.co/Fu7tCB053d"
1521996627413774337,khassey,Wed May 04 23:34:07 +0000 2022,-71.103722,42.3954025,This
1521996627669626881,dondrennon,Wed May 04 23:34:08 +0000 2022,-80.926628,33.6311395,@Fingers_of_Fury One thing is not enough.
1521996628131037184,itsDueyD,Wed May 04 23:34:08 +0000 2022,-96.7311425,43.5410145,@Mrs_Light7 @Valhalla_NA Congrats!!!!
1521996628214919168,yass_effect,Wed May 04 23:34:08 +0000 2022,-87.732013,41.8335845,sorry but that video is unfortunately extremely typical behavior from teenage straight guys
1521996628239990785,RemyRand,Wed May 04 23:34:08 +0000 2022,-82.3247015,28.2245025,@tajah_lanay üòÇ eat fruit and drink water. You will be ready to run it back
1521996628789542913,JenniferBenn19,Wed May 04 23:34:08 +0000 2022,-80.2067175,26.700978499999998,@EESMediaReaders @pbcsd @tempiecraven @DRoss_EESPrinc @emapbc @Evergladespto Amazing Media Specialist!
1521996630010081287,AishaStaggers,Wed May 04 23:34:08 +0000 2022,-72.9209165,41.39347,"Message from an ""over-uneducated, under-loved millennial who sadly returns from Congress to a lonely microwave dinn‚Ä¶ https://t.co/Knk0In7iY8"
1521996634208489474,almighty_red,Wed May 04 23:34:09 +0000 2022,-80.2333285,25.7823535,they raising rent but still paying people $12 an hour. how you supposed to afford the rent increase?
1521996634158108672,SKCFDispatches,Wed May 04 23:34:09 +0000 2022,-122.33181264,47.41798041,"üöëDISPATCH: Medical Aid - Basic Life Support @ 20640 3RD AVE S, DES MOINES.Responding Dept: South KingUnit(s): E‚Ä¶ https://t.co/b9f8ZiuIF5"
1521996634363682817,Earlgre18671019,Wed May 04 23:34:09 +0000 2022,-76.355918,36.841764,@neijahhh     Can you please let me know if you are available to talk to me please my phone is (757) 817-8788
1521996636272136192,RashidI81528411,Wed May 04 23:34:10 +0000 2022,-79.9437475,43.523123,@AnwarLodhi Because they support Imran Khan. Because they violates their oath as well as Constitution.
1521996636351868934,TORlSSECRETS,Wed May 04 23:34:10 +0000 2022,-97.28591349999999,32.7799665,riff ram
1521996635966164992,jovonwilson,Wed May 04 23:34:10 +0000 2022,-86.791549,36.200008,"appreciate the follow bro @traychaney loved your character on the wire. ‚Äúworld going one way, people going another‚Äù"
1521996636368646152,Littleshit0905,Wed May 04 23:34:10 +0000 2022,-83.804475,27.698681999999998,"Hahaha I sent my sister a picture of my ice cream on cookies‚Ä¶. She asked if I was high! The answer is yes, yes I am. üòÇ"
1521996636796461059,BMUSICMAKER,Wed May 04 23:34:10 +0000 2022,-73.8494415,40.8503475,You also suggested today that the #SCOTUS SHOULD overturn gay marriage AFTER you railed against those who suggest t‚Ä¶ https://t.co/vBRhqxdZNd
1521996636808880130,shacelyb,Wed May 04 23:34:10 +0000 2022,-110.892878,32.3029315,üòÖüòÖüòÖüòÖüòÖ SAME.
1521996637073195013,MEM_PoliceDept,Wed May 04 23:34:10 +0000 2022,-89.92202900000001,35.1335205,Have you seen this man? Report #2205001731ME https://t.co/h2Jnq9gC1h
1521996639065579521,Michael12101968,Wed May 04 23:34:10 +0000 2022,-82.94429099999999,42.4652285,@MeidasTouch This will undoubtedly torpedo Madison's political career.
1521996639891857409,ladyguru47,Wed May 04 23:34:10 +0000 2022,-72.80198,41.5372335,"Greatness, higher levels of elevation‚Ä¶ take sacrifice"
1521996640822996992,MorganKingTV,Wed May 04 23:34:11 +0000 2022,-85.9785995,35.8305215,"May the Fourth be with you!  Today‚Äôs a day to let your inner alien out‚Ä¶transport yourself to a galaxy far, far awa‚Ä¶ https://t.co/Z4c3R12EhG"
1521996641275887618,Native3rd,Wed May 04 23:34:11 +0000 2022,-100.247165,44.2125075,"@marrs_edward A‚Äôho Bro! All doing well, hope you and fam are doing well!  Powwow is coming up!üôèüèΩü§ôüèΩ‚úåüèΩ"
1521996643125665793,sdonoghue48,Wed May 04 23:34:11 +0000 2022,-87.732013,41.8335845,Some fighter jet just buzzed the hell out of Lakeview. Holy hell was there loud
1521996643930943489,HighOnHASH_,Wed May 04 23:34:11 +0000 2022,-80.23063450000001,26.2047925,I be ordering about 4 different sizes of the same shit on SHEIN
1521996644149088256,JoyBOkfarmgirl,Wed May 04 23:34:11 +0000 2022,-98.716992,35.3090465,@TheJoeMobley Be safe
1521996643750629377,DPatriit,Wed May 04 23:34:11 +0000 2022,-74.242616,40.833453500000005,@daviddowdy01 @JDCocchiarella Don't forget how Obama kneeled to his massah. and did nothing while he annexed Crimea‚Ä¶ https://t.co/imYxk4Nsn9
1521996646204252162,DartezScott,Wed May 04 23:34:12 +0000 2022,-92.13127399999999,34.7519365,@Streetbeat_com Taking donations for Scott's Family at https://t.co/WxxfunIEps Let's Goooo ‚ú®Ô∏è ‚ù§Ô∏è
1521996645889683459,leibel,Wed May 04 23:34:12 +0000 2022,-73.9685415,40.780709,@spittinchiclets Boston fans in the comments like https://t.co/V33anXf4jy
1521996647458344960,danimedinanews,Wed May 04 23:34:12 +0000 2022,-86.791549,36.200008,My interests include restaurants that serve free bread
1521996647202533376,carbonfibergray,Wed May 04 23:34:12 +0000 2022,-76.731008,39.967009,@RedSuper420 @OOCWesternR34 Crab deployed üî´ü¶Ä https://t.co/BkXO7ioAhd
1521996648993464321,PhearlessStudio,Wed May 04 23:34:13 +0000 2022,-117.458,34.0977,"Just posted a photo @ Fontana, California https://t.co/wG4spKnCcx"
1521996648284631043,RadioFalness,Wed May 04 23:34:12 +0000 2022,-93.1056485,44.9415155,@MeatSauce1 @Gorgamatic21 @asickman19 @StLouisBlues @BallySportsNOR @espn @KFAN1003 Zack Daniels is back https://t.co/DFiNTP02Bm
1521996647139532806,FinalFormEmma,Wed May 04 23:34:12 +0000 2022,-83.804475,27.698681999999998,Follow my transition journey on tiktok https://t.co/HRJmSKfoy7 #transgirl #TransIsBeautiful #transtiktok https://t.co/4UxYc3CDly
1521996650247507970,beaux1221,Wed May 04 23:34:13 +0000 2022,-91.40100849999999,30.937336000000002,ain‚Äôt gone be satisfied til I got that big booty dually sk8n down the interstate .
1521996650667028484,BeKindTrell,Wed May 04 23:34:13 +0000 2022,-80.8467855,35.209058999999996,I need to journal.
1521996651384168454,spotternetwork,Wed May 04 23:34:13 +0000 2022,-96.757823,35.1230614,"Spotr 1 miles ESE of MAUD, OK @ 23:34 UTC TOR&gt;-Tornado on the ground, debri being lofted north west of me"
1521996650448883714,Chikki_x,Wed May 04 23:34:13 +0000 2022,-100.0768885,31.1688935,@bleudawn7 @Jennife47568904 @TakeMeToMars11 @Marslove15 @Magickseeker94 @jolievie123 @dreams_gloria @soonthareeya‚Ä¶ https://t.co/A9IYoQ0Nhb
1521996652206243841,pinkymccoy_,Wed May 04 23:34:13 +0000 2022,-73.8494415,40.8503475,"No rain, no flowers."
1521996652084617219,HtownWheelhouse,Wed May 04 23:34:13 +0000 2022,-100.0768885,31.1688935,More like NHLTim‚Ä¶. Amirite? LOL #nhltohouston @NHLtoHouston
1521996653032402945,MrRon9,Wed May 04 23:34:14 +0000 2022,-118.3461525,33.953633499999995,@DavidPortillo0 It's all kayfabe until you run up into that ring! POW! POW! üëäüèΩüí•üëäüèΩüí•ü§£
1521996653124886531,CMTubbs,Wed May 04 23:34:14 +0000 2022,-93.3613205,46.441860500000004,Wow. Gutsy play by Nick Gordon. Paid off though. #MNTwins
1521996653334511619,thematrixzone_,Wed May 04 23:34:14 +0000 2022,-91.8117545,29.993465999999998,No one speaks for me in the goth community Better get you some money
1521996653821104130,Its_UnclePhil,Wed May 04 23:34:14 +0000 2022,-77.101999,38.8808445,@carl_posts @CAPYBARA_MAN Photos taken shortly before disaster
1521996653925908480,astrosguy,Wed May 04 23:34:14 +0000 2022,-94.97660149999999,29.767947,@NombreEsAstros Respect
1521996653980491778,kasenweisman12,Wed May 04 23:34:14 +0000 2022,-83.1738665,32.6782075,It‚Äôs personal this year...... https://t.co/9c9Jq35bQa
1521996654940930050,drvpe_jay,Wed May 04 23:34:14 +0000 2022,-95.3758915,29.7431715,Accept the life that come with me üíú
1521996655251312640,MaskTendy,Wed May 04 23:34:14 +0000 2022,-71.09140049999999,42.780778,Of course the Hurricanes score.....
1521996656232775681,KarsinKnightly,Wed May 04 23:34:14 +0000 2022,-92.13127399999999,34.7519365,Same.
1521996656312471554,AceEJ,Wed May 04 23:34:14 +0000 2022,-71.0887125,42.3136695,Thank you @bobWGBH  for this informative and insightful Next Stop: No Ticket to Ride forum. Looking forward to the‚Ä¶ https://t.co/v5iVfZrAqc
1521996656714993664,LittleLeighXoxo,Wed May 04 23:34:14 +0000 2022,-73.9487755,40.655138,@mrsmullen14 I said this an hour prior.
1521996657138622464,Succ_Engaged,Wed May 04 23:34:15 +0000 2022,-118.4119065,34.0207895,"Latin American Feminist Soldarity groups have been successful for many reasons, one of which being the immense role‚Ä¶ https://t.co/TKK1fr43ID"
1521996657918943233,PinkDante,Wed May 04 23:34:15 +0000 2022,-80.47332449999999,41.233537,@traveladdict95 Too early to tell‚Ä¶ they can take up to 24 hours
1521996658028036096,PinellasCo911,Wed May 04 23:34:15 +0000 2022,-82.76309042,27.99251918,Alert: MOTOR VEHICLE COLLISION @ KEENE RD N/MONTCLAIR RD Tac: B Sent: E48 E51
1521996658938109953,Philabadboy,Wed May 04 23:34:15 +0000 2022,-80.11290349999999,26.533486,@patbev21 He didn‚Äôt need to drop a 47 piece to send y‚Äôall home. #dumbtweet
1521996658472538115,SCFootballHOF,Wed May 04 23:34:15 +0000 2022,-82.6605715,34.8486015,This past week has been kind to our #BRTrophy 2020 &amp; 2021 winners &amp; 2021 Finalists! Congratulations! Looking forwar‚Ä¶ https://t.co/74d79KN7Xp
1521996658376167424,Todd_spinner,Wed May 04 23:34:15 +0000 2022,-82.6694675,40.365159500000004,Kali was honored on senior night!  Congrats!! #HardWorküêªüèê@BerlinBears_SS @BerlinBearsSB @MainObhs @ObhsStudent https://t.co/MNmfHL3knT
1521996659584126976,8_rezin,Wed May 04 23:34:15 +0000 2022,-95.44648649999999,29.838495,@hcso_Jail_Chap @CrimeStopHOU @HCSOTexas @HCSOHonorGuard https://t.co/9ZNJCX6nXXI had nightmares after making this‚Ä¶ https://t.co/RtM8eYYwgT
1521996660381032448,1JustJay1,Wed May 04 23:34:15 +0000 2022,-71.437014,42.6625265,Greatest episode ever!!!!! #OMGAbby #RestaniProductions
1521996663732252672,stormvet22,Wed May 04 23:34:16 +0000 2022,-103.636623,40.260175000000004,Volume UP!!
1521996664487219202,purplerageee,Wed May 04 23:34:16 +0000 2022,-76.794891,39.368037,@uncleblaak are you crazy
1521996664495652864,Akia_Papayas,Wed May 04 23:34:16 +0000 2022,-86.3918345,39.7672235,@__quiara Thank you! üíï
1521996663132282880,wyo_football,Wed May 04 23:34:16 +0000 2022,-105.605821,41.30816299999999,Spring Game Scenes ü§†üÜô https://t.co/8byacU0U9v
1521996664944271360,scottew,Wed May 04 23:34:16 +0000 2022,-122.26678749999999,37.554668,@progers71 Tough but fair
1521996665778888705,j3x918,Wed May 04 23:34:17 +0000 2022,-117.772917,34.0654505,@b_ranger808 @enjoy4yo Haha nice. The way she put that leaking dick back in broooo ü•µüòôüëåüèΩ
1521996665514733568,mikoolaid818,Wed May 04 23:34:17 +0000 2022,-118.4119065,34.0207895,Stock market crash? https://t.co/hTiEQp7BuP
1521996665892315136,FLCracker84,Wed May 04 23:34:17 +0000 2022,-82.57859350000001,27.462474,I need a new dishwasher https://t.co/VgYXXjhsPB
1521996666701762561,mgbmemory,Wed May 04 23:34:17 +0000 2022,-75.499851,40.5370525,@BJohnsonxAR Checking herself in was some diabolical stuff
1521996667087511552,ASU_SuperFan,Wed May 04 23:34:17 +0000 2022,-117.104989,32.810012,"@pfh1964 They were moving, just not fast"
1521996667217620992,tmj_abq_it,Wed May 04 23:34:17 +0000 2022,-106.6055534,35.0853336,"Have you ever had a role like ""Business Technical Consultant""? What did you like most about that job? #Albuquerque, NM"
1521996667506946048,Cg70435455C,Wed May 04 23:34:17 +0000 2022,-111.992317,40.6030705,P.s. .pps:::  mail me
1521996668576489472,MNevala9,Wed May 04 23:34:17 +0000 2022,-149.7587945,61.2350425,.@AKSportsReport Accolades for the @anchoragewolve1. @NAHLHockey @Raythan_35
1521996670111731721,JacxNKay,Wed May 04 23:34:18 +0000 2022,-73.9487755,40.655138,Are they really though‚Ä¶ ü•¥
1521996669780258817,movieposterguy,Wed May 04 23:34:18 +0000 2022,-117.64381900000001,33.5513865,üö® üö®  LET THE TV PROMO CONTINUE #JurassicWorldDominion - new scenes? üëÄ #JurassicWorld  @prattprattpratt https://t.co/7kkrnhCACN
1521996672229949440,TasteMyPlace,Wed May 04 23:34:18 +0000 2022,-73.8494415,40.8503475,"@kiwi_sunshine_ Fuck, you're hot af ü§§"
1521996673945382913,mfjones69_,Wed May 04 23:34:19 +0000 2022,-86.791549,36.200008,@R0n9__ Ain‚Äôt no body wanna see Nola have shit. That‚Äôs why we are the way we are.
1521996674687713282,WacobJillliams,Wed May 04 23:34:19 +0000 2022,-82.6694675,40.365159500000004,This being said if you think I'm even remotely cool pls slide in my DMS and hang out with me
1521996674792660992,peehands1,Wed May 04 23:34:19 +0000 2022,-81.2831215,28.784184,"wife, mom, boss baby"
1521996674843000833,SophieMiller_04,Wed May 04 23:34:19 +0000 2022,-84.53981250000001,39.137038000000004,@iandevlin_ @NWStornado The NWS is understaffed nationwide. Also not to mention that when you have a ton of severe‚Ä¶ https://t.co/wdPgqZbQ0m
1521996676210208768,mrbwa1,Wed May 04 23:34:19 +0000 2022,-122.244375,45.539655,Risked a wet camera to get a proper shot of the Columbia River Gorge in it‚Äôs natural state.@lomography CN 800 üéû‚Ä¶ https://t.co/9VEBPFlyH2
1521996679263956994,RantishSquirrel,Wed May 04 23:34:20 +0000 2022,-115.223125,36.232915,"You know, you can't just go to Planned Parenthood and walk out as a different gender. If you can ""transition withou‚Ä¶ https://t.co/R5dSfhyxZ5"
1521996679574167553,Its_Toddie,Wed May 04 23:34:20 +0000 2022,-91.0907995,30.4591,@Ziggtoven üòÇüòÇüòÇüòÇ nigga can‚Äôt do nothing illegal around Batman
1521996679490252802,cwilliams1113wy,Wed May 04 23:34:20 +0000 2022,-103.23341049999999,44.075227,@MikeSington Americans do not support abortion 80 % but a large portion of Americans do believe there should be lim‚Ä¶ https://t.co/ZdFZSZ1x0u
1521996679670554624,Cobinwv3,Wed May 04 23:34:20 +0000 2022,-81.84687249999999,38.342648499999996,@1zzyzyx1 @WontCaveDave @PeteButtigieg Buttigieg is an amazing speaker! And doesn't go unprepared!!
1521996679918067712,franzsch2,Wed May 04 23:34:20 +0000 2022,-76.62048200000001,39.284712999999996,@igorbobic @CitizenCohn It's an interesting question whether she or Tuberville is the most ignorant member of the Senate..
1521996680010346498,ryanmillier,Wed May 04 23:34:20 +0000 2022,-73.8311875,40.6708795,@dannymota Appreciate you brother! Day 1 vibes
1521996680161374210,conniekieuu,Wed May 04 23:34:20 +0000 2022,-97.28591349999999,32.7799665,@_ariesblood Aaron that‚Äôs vajazzling
1521996680236867584,csmitty2u,Wed May 04 23:34:20 +0000 2022,-96.7617535,32.819858499999995,God gets all of the props!!!
1521996681264435202,Nolimitshad,Wed May 04 23:34:20 +0000 2022,-95.44648649999999,29.838495,mfs make it so much harder than it need to b ong
1521996681444790273,mariisali,Wed May 04 23:34:20 +0000 2022,-95.44648649999999,29.838495,my way of coping after my bio final is getting ready for bed at 6:30 pm
1521996681851535360,MelissaCulross,Wed May 04 23:34:20 +0000 2022,-122.4359785,37.7706565,San Francisco‚Äôs @UnionSquareSF is bouncing back after a couple of very difficult years. The pandemic was devastatin‚Ä¶ https://t.co/WsxNBS6kP2
1521996683755892737,ablalvarado,Wed May 04 23:34:21 +0000 2022,-97.688146,29.878923,Who tf runs the intellectual San Marcos ig account ?üòÇüòÇ
1521996683772678145,kban495,Wed May 04 23:34:21 +0000 2022,-79.42086499999999,38.003375500000004,@MiaNWonderland He that lives upon hope will die fasting. - Benjamin Franklin‚Ä¶although I continue to‚Ä¶hope‚Ä¶he‚Äôs wrong.
1521996684821155843,Lexire_,Wed May 04 23:34:21 +0000 2022,-86.082701,39.7141,I throw my lil fits I talk my lil shit but I always be getting my way
1521996685198565377,heathergogo,Wed May 04 23:34:21 +0000 2022,-117.253906,33.045009,@DailyCaller Love how she‚Äôs wearing a hoodie that says ‚Äúcrazy‚Äù
1521996686243123200,UGusanos,Wed May 04 23:34:21 +0000 2022,-77.60468399999999,41.1179365,Vengance is tastier when is cold served...And it comes at the right time.
1521996686826086403,kniggliator,Wed May 04 23:34:22 +0000 2022,-94.52867,38.817838,@DionKlitzke @ComradeVero How is that working out at Universities?
1521996686264000512,themoose325,Wed May 04 23:34:21 +0000 2022,-87.50296750000001,41.552024,I'm so happy for you babyüòòüòòüòòüòòüòò https://t.co/brFlepFHDx
1521996687656562688,MaskTendy,Wed May 04 23:34:22 +0000 2022,-71.09140049999999,42.780778,Typical Bruins....
1521996687647989761,ckuhtz,Wed May 04 23:34:22 +0000 2022,-121.969121,47.6247995,"@CeciliaSykala @RAF_Luton For starters, it can‚Äôt be the wrong photograph as the Canberra never lies. And it‚Äôs obvio‚Ä¶ https://t.co/M0w80zyh8E"
1521996686763167744,WakeLP,Wed May 04 23:34:22 +0000 2022,-78.646633,35.782698,Thank you Cedric Herring for coming to hang out with us https://t.co/tg93vAv2Vf
1521996688059076608,bigg_dill,Wed May 04 23:34:22 +0000 2022,-117.66185300000001,34.119646,@djborinica5479 Two piece and a soda üòÇüòÇüëè
1521996690806476800,J_Cam_,Wed May 04 23:34:23 +0000 2022,-95.91364200000001,36.1093915,"Bruh, what?!"
1521996690303201280,GatorsSB,Wed May 04 23:34:22 +0000 2022,-84.266174,30.476215500000002,"B2 | FSU picks up a leadoff double, Hightower and the Gators respond to retire the next three!DUE UP: Wallace, Li‚Ä¶ https://t.co/PQS3PqheW1"
1521996691985080322,greatdam69,Wed May 04 23:34:23 +0000 2022,-68.98470499999999,45.188407,@inkedwifelife21 Your the absolutely amazingly the most beautiful woman i have ever held a conversation with thank‚Ä¶ https://t.co/Sa8BH6ojx5
1521996692408750080,CapitalBtd,Wed May 04 23:34:23 +0000 2022,-73.8494415,40.8503475,@jonphorvath @GavinSBaker 4.2 comp won‚Äôt impact headline this month okay ‚úçÔ∏è
1521996694518484993,DrBryanLeyva,Wed May 04 23:34:23 +0000 2022,-93.2620465,44.9706105,Have you ever had a lecture that hit you like a cup of coffee? This is a perfect opportunity to show off your friends and colleagues.
1521996694837030913,kalekait,Wed May 04 23:34:24 +0000 2022,-117.104989,32.810012,"@itsrichhh I promise u won‚Äôt regret it, Joel mull is an absolute legend"
1521996695445385217,oldmaeham,Wed May 04 23:34:24 +0000 2022,-85.9785995,35.8305215,3. THE PPL JUST HAVE TO STAND THEIR GROUND AND REFUSE TO BE DICTATED TO!!
1521996696024190981,DrBryanLeyva,Wed May 04 23:34:24 +0000 2022,-93.2620465,44.9706105,I‚Äôll start. I‚Äôm taking a GH course led by @GlobalHealthDr and 2 speakers today (who aren‚Äôt on this bird app) talked‚Ä¶ https://t.co/rLB4SjPpkV
1521996696212828161,mikemasse,Wed May 04 23:34:24 +0000 2022,-105.017787,39.596849,Come see me! #epicacousticclassicrock https://t.co/lwxiauTXtQ
1521996696682516480,DTNCA,Wed May 04 23:34:24 +0000 2022,-121.9516095,36.974948499999996,@lindalea783 They were very unique and innovative back then which captured everyone‚Äôs imagination especially the yo‚Ä¶ https://t.co/JtqmwklXgo
1521996696779112448,State2000,Wed May 04 23:34:24 +0000 2022,-90.1580165,32.230987,This is good news. More prosecutors. More public defenders. More judges. And that should mean moving cases.
1521996696909058050,YoungLavizh,Wed May 04 23:34:24 +0000 2022,-106.4174305,31.793368,Aqui no batallamos por mamadas Anything my mom wants she gets https://t.co/7BQ5DBwE8M
1521996698444206081,nailsxaleta,Wed May 04 23:34:24 +0000 2022,-122.4359785,37.7706565,one of my first long sets over a year ago ü•πüëÄü§ç https://t.co/9R06Oexyec
1521996698851102720,phillypaws,Wed May 04 23:34:24 +0000 2022,-75.117998,40.0048655,Hootenanny seeks a new foster home ASAP!This one-eyed cutie will have to come back to the shelter in 3 days if he‚Ä¶ https://t.co/WSeRYtXWPt
1521996697865388032,1kNoto,Wed May 04 23:34:24 +0000 2022,-122.331639,47.595153,We here https://t.co/iKnw8F9HCx
1521996699228688386,PFDFIREMEDIC32,Wed May 04 23:34:25 +0000 2022,-75.117998,40.0048655,@nathaliejacoby1 This stray cat has more smarts. https://t.co/6Tz1s5DD2S
1521996701619392512,robr0013,Wed May 04 23:34:25 +0000 2022,-108.57461649999999,39.0917505,@_clamjuice_ Nice strawman argument.
1521996701501825024,DustyTrotts801,Wed May 04 23:34:25 +0000 2022,-111.91702599999999,40.765805,"@jayroll43256805 Nah, wire brush and some sandpaper. Popped em back in, runs great."
1521996702076522499,KesslerLou,Wed May 04 23:34:25 +0000 2022,-71.78939199999999,41.3690285,@akiralex Yeah. Like I can last five minutes. üôÑüôÑüôÑ
1521996702215020545,CCdavidj25,Wed May 04 23:34:25 +0000 2022,-94.731341,32.503280000000004,They might re-name the champions league the Real Madrid League.
1521996702512824320,DanMcElhattan3,Wed May 04 23:34:25 +0000 2022,-115.149,36.1675,"Everyday application @ Las Vegas, Nevada https://t.co/6y3x8OnTbE"
1521996704471519233,McD7575,Wed May 04 23:34:26 +0000 2022,-80.18183450000001,38.9201425,@EvilJoeyVotto That‚Äôs a 40 win team lineup
1521996704517705730,bgarcia2432,Wed May 04 23:34:26 +0000 2022,-80.2333285,25.7823535,@hausofreefer I‚Äôm sorry for subtweeting you. But I‚Äôm in love with you üëâüèΩüëàüèΩ
1521996704567881728,JamesSabata,Wed May 04 23:34:26 +0000 2022,-112.12467649999999,33.5528625,A few things I need to get signed on Tuesday at the Stanley Hotel... https://t.co/EH9k1sxRcy
1521996706132410368,EdPlunkett,Wed May 04 23:34:26 +0000 2022,-82.985772,39.9946835,@senrobportman @DHSgov ‚ÄúConcern‚Äù
1521996704836431873,Seasoned4u,Wed May 04 23:34:26 +0000 2022,-85.7223455,38.195555,#Louisville I keep it simple because you deserve better and not more lies with empty promises. I have big plans for‚Ä¶ https://t.co/ieDQfRS56Q
1521996707688558592,ash_gibbsblues,Wed May 04 23:34:27 +0000 2022,-93.5172565,48.587964,@strgto Hey we did that with tiger lilies üòÇüòÇ
1521996706941911040,rachelru22,Wed May 04 23:34:26 +0000 2022,-73.9685415,40.780709,My landlord and his family. Do you get it?!? When I said Unbossed &amp; Unbought Critic he decided he was going to BUY‚Ä¶ https://t.co/GM0nlxBwC1
1521996708007186432,rriderathletics,Wed May 04 23:34:27 +0000 2022,-81.3562,41.1689,Congratulations to our senior Rough Rider track &amp; field athletes!! Thank you for your dedication to Rough Rider tra‚Ä¶ https://t.co/ZH4m1AA2wj
1521996709320028160,SKCFDispatches,Wed May 04 23:34:27 +0000 2022,-122.19401923,47.37694517,"üî•DISPATCH: Small Scale Non-Structure Fire @ 25135 110TH PL SE, KENT.Responding Dept: KentUnit(s): E374, KFBC#PugetSoundFire #Kent"
1521996709068480514,Madison29387083,Wed May 04 23:34:27 +0000 2022,-80.1336395,41.7121925,These idiots are my bestfriends üò≠ü§ô https://t.co/gRxmRRuiQy
1521996709806571520,KingZachRenn,Wed May 04 23:34:27 +0000 2022,-122.360873,47.0457315,@AumontJerry @SidChang_ Yeah
1521996710511144960,PicklesMommy303,Wed May 04 23:34:27 +0000 2022,-105.5508905,38.997935999999996,@lindsayclaire @MylesH1gh Back atcha bbü•∞ü•∞ü•∞
1521996710930747392,gopackjo,Wed May 04 23:34:27 +0000 2022,-81.705467,41.495939500000006,@usacricket Have you tried to fix the USA Cricket merch shop so that it doesn't charge me $3000 for shipping yet? I want to buy stuff.
1521996711513653248,akoukouli,Wed May 04 23:34:28 +0000 2022,-117.772917,34.0654505,I wouldn‚Äôt know.
1521996710754594817,aberrantworld,Wed May 04 23:34:27 +0000 2022,-111.931711,34.1682535,"Just Me Being Black, I like to see myself from time to time.. https://t.co/Q1MJRzDc2t"
1521996711769559041,Geofromda215,Wed May 04 23:34:28 +0000 2022,-75.117998,40.0048655,Moon Knight https://t.co/DUcf66lpFk
1521996712541368325,Gloccavaliii,Wed May 04 23:34:28 +0000 2022,-84.433106,33.7671945,Leave me on read. Das dead.
1521996712822423552,itsNellzz,Wed May 04 23:34:28 +0000 2022,-84.51578599999999,33.846765000000005,I just ignored it lmao
1521996713409527810,vscena,Wed May 04 23:34:28 +0000 2022,-71.2489025,42.1461705,@Monkeu5 @awalkerinLA Lol right
1521996713799659522,SyddSilverman,Wed May 04 23:34:28 +0000 2022,-71.536052,41.482547499999995,HE DID THAT FOR RAANTS
1521996713485123585,PradaSy,Wed May 04 23:34:28 +0000 2022,-75.117998,40.0048655,You gone get a vasectomy be like. #number1CLUBSHOOTER üòÇüòÇüòÇüòÇ https://t.co/0TZeNzcuEV
1521996714063839233,nickmgray,Wed May 04 23:34:28 +0000 2022,-81.56650450000001,41.514008000000004,"@markguim If you need some extra people to attend, I'm available. https://t.co/okdjAU0bxJ"
1521996714458198016,Kalvapalle,Wed May 04 23:34:28 +0000 2022,-79.2725695,43.629311,Not claiming any agency or influence here but the bonkers-ness of the season commenced 4 days after I hit up the Be‚Ä¶ https://t.co/xghhzU6nqo
1521996714810515456,pharmacistjim5,Wed May 04 23:34:28 +0000 2022,-81.80305150000001,41.4804175,"Harlows in lakewood .... if heaven had red pepper flakes on it, it would taste like this!  #lakewoodohio‚Ä¶ https://t.co/MZeZLPy8f0"
1521996716681142273,thezaybanks,Wed May 04 23:34:29 +0000 2022,-77.0143985,38.898602999999994,really the last one left in my suite üò≠
1521996718891577344,hitherehailee,Wed May 04 23:34:29 +0000 2022,-73.9487755,40.655138,@zachsilberberg hbd!!! U deserve some ratatouille and a zoo ‚ù§Ô∏è
1521996719763775488,VanessaEscarce1,Wed May 04 23:34:29 +0000 2022,-117.02246299999999,32.633767,"@Ziggy_Daddy #TeacherAppreciationWeek ‚ù§Ô∏èSome students learn best sitting, standing, wiggling, and/or lying on the f‚Ä¶ https://t.co/ycUnGrg2Y3"
1521996720929976321,BrianCo84208590,Wed May 04 23:34:30 +0000 2022,-98.716992,35.3090465,@__CallMeBen @folakemiajayi_ I appreciate your honesty.
1521996722561421312,Abovejb3,Wed May 04 23:34:30 +0000 2022,-117.60378299999999,34.0451585,Imagine being a stepdad at 21üò≠üò≠üò≠ even 31 is wild too
1521996722863493120,empowergracewi,Wed May 04 23:34:30 +0000 2022,-87.876758,42.533542,@madisongesiotto #RacistGOP says what?
1521996722792185856,Twanee,Wed May 04 23:34:30 +0000 2022,-84.362742,33.852738,Dr. Strange premiere thanks to my Brody @NVmeCV! https://t.co/VgP1Co9eWn
1521996723551354881,ChrisHartline,Wed May 04 23:34:30 +0000 2022,-77.0143985,38.898602999999994,This is the new Dem Party line. No limits on abortion whatsoever. And it‚Äôs wildly outside the mainstream of where A‚Ä¶ https://t.co/517mAjpuMe
1521996723719188480,PhilRussomanno,Wed May 04 23:34:30 +0000 2022,-80.2333285,25.7823535,IT'S WHITE HOT LETS GOOOOO https://t.co/GR3ifYhiRn
1521996725308825607,troythedesigner,Wed May 04 23:34:31 +0000 2022,-77.0143985,38.898602999999994,@CmphanyThinks I am trying !! LMAO I don‚Äôt want to be the only ignorant one in the crowd
1521996725497565184,ivan_bezdomny,Wed May 04 23:34:31 +0000 2022,-83.804475,27.698681999999998,@BarbarianCap @DavidSacks Oh yeah. Everything affected when top comes off the market. Except there‚Äôs still so much‚Ä¶ https://t.co/97deLEZNVP
1521996726617489409,troylf,Wed May 04 23:34:31 +0000 2022,-85.7682405,37.822244,Lol someone in the work group chat said Rouge One instead of Rogue One. https://t.co/IuWZewBICH
1521996727703670784,ceparmele,Wed May 04 23:34:31 +0000 2022,-122.60666599999999,47.5852835,"Yeah, Pretty sure that God isn‚Äôt evil. I‚Äôm pretty sure he is Good otherwise Jesus would have been lying when he sai‚Ä¶ https://t.co/YxXw1AiUyy"
1521996728227950594,MadduxSuthrlnd,Wed May 04 23:34:31 +0000 2022,-115.038337,36.006256,@Jonny_Yutah Thanks @Jonny_Yutah
1521996729033412608,hackwrench1,Wed May 04 23:34:32 +0000 2022,-86.1453205,39.5830385,@TMac47382285 @SallyAnneTaylor @stonksmikes @FemaleArtiste @MsBlaireWhite @nypost I failed to comprehend that peopl‚Ä¶ https://t.co/82W6fP5OjG
1521996728827846657,jc_liberal,Wed May 04 23:34:32 +0000 2022,-74.066663,40.7180015,"Thank you to the @hpnajc for hosting this tomorrow. Looking forward to hearing from @ane_eberhard, @DavidOcampoNJ &amp;‚Ä¶ https://t.co/VvAzQcZzlZ"
1521996731122171907,Descartes1,Wed May 04 23:34:32 +0000 2022,-97.45574099999999,35.695222,"Hmm, is THAT picture floating around again?"
1521996731378024449,JustinMarksTH,Wed May 04 23:34:32 +0000 2022,-85.9785995,35.8305215,"It‚Äôs important to @TeamTrackhouse to be good stewards of the history of @NASCAR - to that end, we purchased this ca‚Ä¶ https://t.co/umxL5QIPId"
1521996731650613249,Der_Lemke,Wed May 04 23:34:32 +0000 2022,-82.5721305,35.711529999999996,Deserved. #LetsGoCanes
1521996731906330625,NatAnglin,Wed May 04 23:34:32 +0000 2022,-118.4119065,34.0207895,Wow Bruins just don't look like a playoff team. Execution has been absolutely terrible. What a joke
1521996731973521408,kaybsilly,Wed May 04 23:34:32 +0000 2022,-78.79482188,35.87634975,üõ´ ‚úà @ Raleigh-Durham International Airport (RDU) https://t.co/YGwh6YvJX1
1521996733181530114,ncpack2010,Wed May 04 23:34:33 +0000 2022,-89.92202900000001,35.1335205,"Yes, this is true as well!"
1521996733676408840,JoviForReal,Wed May 04 23:34:33 +0000 2022,-71.103722,42.3954025,"@Bballforeverfb LaVine really might be one of the softest players in the league, holy hell that‚Äôs weak"
1521996734087446529,x_tigbitties420,Wed May 04 23:34:33 +0000 2022,-96.347781,30.6658585,I‚Äôm hitting chest but I threw some shoulder stuff in there for my sanity
1521996734167138304,dennis_reichel,Wed May 04 23:34:33 +0000 2022,-80.075358,26.7886775,@jaspscherer @WhipClyburn You've got to agree on core values. Does the Democratic Party have values beyond cronyism‚Ä¶ https://t.co/W8MOKoHWNg
1521996734783795200,RichPhelps,Wed May 04 23:34:33 +0000 2022,-122.0355,47.6165,"Sometimes the world feels so ugly‚Ä¶ I can‚Äôt help but search out beauty wherever I can find it. @ Sammamish, Washingt‚Ä¶ https://t.co/80yJqm6JF7"
1521996735563939840,Burnrubber1984,Wed May 04 23:34:33 +0000 2022,-74.601832,39.317203,@MrDellsTweets Looks like you products taste amazing!!!
1521996737946169344,jackhutton,Wed May 04 23:34:34 +0000 2022,-122.4359785,37.7706565,@MeidasTouch ‚Ä¶what other blackmail‚Äî-over OTHER Republicans‚Ä¶
1521996739623936001,CmlaChiefs,Wed May 04 23:34:34 +0000 2022,-80.34931429,43.3878819,The very first regular season goal scored by an U9 ! Congrats #10 Andrew Holland! @ Preston Arena https://t.co/tZSob57Lkt
1521996739737231361,cmlehr23,Wed May 04 23:34:34 +0000 2022,-75.780934,40.520057,Kate Scott throwing shade at Miami fans‚Ä¶üëÄüî•
1521996738956959744,vanessaa__v,Wed May 04 23:34:34 +0000 2022,-115.223125,36.232915,first time doing all the 21+ things in vegas &amp; i rlly had a blast!! üåûüèùüé∞ https://t.co/Rr7iXoLfrW
1521996740424912901,LloydWatnik,Wed May 04 23:34:34 +0000 2022,-117.104989,32.810012,@Sanaa03881433 So magnificent. Can‚Äôt wait until we Zoom
1521996740743770112,abby_sherlock,Wed May 04 23:34:34 +0000 2022,-118.4119065,34.0207895,@_ashwise ‚Äúover-educated‚Äù üòÆ‚Äçüí®üòµ‚Äçüí´ü§™üßê
1521996741561786368,CJohnsonYCCD,Wed May 04 23:34:35 +0000 2022,-77.0143985,38.898602999999994,"again, I ask, why can‚Äôt you people just be normal"
1521996741641490432,tiffanyclay,Wed May 04 23:34:35 +0000 2022,-97.6070195,30.460444,@Jay01El The bottoms of my feet hurt just reading about legos lol
1521996741897248769,USFHerd,Wed May 04 23:34:35 +0000 2022,-83.804475,27.698681999999998,Congratulations @AnthonyS7032#ComeToUSF#HornsWayUp #US2F üü©ü§òü§©ü§òüü©#USFTwitterHerd
1521996742249435138,jNewOrleans,Wed May 04 23:34:35 +0000 2022,-91.40100849999999,30.937336000000002,"Working in an apartment complex has robbed me of enjoying fine ppl.. I second guess and wonder if they're musty, br‚Ä¶ https://t.co/X76Twgx1FT"
1521996743176560640,dja6811,Wed May 04 23:34:35 +0000 2022,-75.2752845,39.9552785,@TheNxkedDoll Hello
1521996743805599744,Boobalaa1954,Wed May 04 23:34:35 +0000 2022,-121.8737305,37.331159,"@Heche35 @deliverusfrmego In other words, men who don‚Äôt believe in a woman‚Äôs sovereignty over her own body, cherish females as objects"
1521996745273716736,MaggieRicker,Wed May 04 23:34:36 +0000 2022,-69.7840645,44.32708,@dannyblanton @NPR You made an erroneous statement. I was correcting the mis-information.
1521996745353351170,JamesTaneti,Wed May 04 23:34:36 +0000 2022,-77.49317049999999,37.529883,@ndtv Can‚Äôt it be opposed if imposed @MVenkaiahNaidu
1521996745189859328,wcsPageRacing,Wed May 04 23:34:36 +0000 2022,-87.140222,35.948811,(Jr.) Jackson Anway sets a new PR in Long Jump and qualifies for sectionals next week in Triple Jump! üëèüèº https://t.co/c112JPiS7r
1521996746209046528,VonGottGeretten,Wed May 04 23:34:36 +0000 2022,-74.7243235,40.073040500000005,@Dianexis Is he even aware of the bump stock thing?‚Äîor suppressors?!‚Ä¶Most likely not.
1521996746427179008,AVelotta27,Wed May 04 23:34:36 +0000 2022,-81.74912950000001,41.44047449999999,How is aborting a clump of cells murder but when a cop murders a minority it‚Äôs just a misunderstanding? ü§î
1521996747542872067,TeAmo_Bytches,Wed May 04 23:34:36 +0000 2022,-81.3677725,28.501678499999997,I stay to myself a lot I realized that‚Äôs where all the money at ü•¥ü•¥
1521996747735801858,ROBERTW76517972,Wed May 04 23:34:36 +0000 2022,-74.0541785,40.208625,@DotadaoErick JUICY SAUSAGE
1521996747941335042,HollyGenesis,Wed May 04 23:34:36 +0000 2022,-79.861034,35.1704985,@angelt18 @NerdyTastic @LoveAndShalom I didn‚Äôt say they be deep pokes
1521996748058771459,DavidJa65928826,Wed May 04 23:34:36 +0000 2022,-93.3613205,46.441860500000004,@_milenavelba_ Well that looks fun
1521996748113252353,DomarPierson,Wed May 04 23:34:36 +0000 2022,-90.19131300000001,33.514965000000004,"i can't just hang out with anybody, i don't even know how people do that."
1521996748301942790,heispurehell,Wed May 04 23:34:36 +0000 2022,-73.8311875,40.6708795,@thebaldheadway Get a few
1521996748742225920,VtRecruitment,Wed May 04 23:34:36 +0000 2022,-72.1289793,43.9925666,Help preserve and enhance the exceptional quality of life by serving the citizens in the State of Vermont. Click he‚Ä¶ https://t.co/gXGS3H6Lb2
1521996748960505857,rockblairjohn_,Wed May 04 23:34:36 +0000 2022,-78.8954405,35.9909825,@mactionz @cweaverfilms I‚Äôm trynna find some that‚Äôs like 550 600 lol  i almost got a bmw today
1521996748973084673,grote_sam,Wed May 04 23:34:36 +0000 2022,-80.244984,36.087168500000004,A great thing about being in a city with ZERO VC‚Äôs &amp; software startups is I have no clue what‚Äôs happening in the ma‚Ä¶ https://t.co/qVgV2O7C4c
1521996749706960896,sfm_42,Wed May 04 23:34:37 +0000 2022,-112.12467649999999,33.5528625,I'm still quite Salty about the bullshit the refs pulled in last night's game! Let's go @NYRangers @NHL
1521996750487236608,symups_,Wed May 04 23:34:37 +0000 2022,-90.011008,29.982601,Man this healthy shit hard I gotta cook everyday and I‚Äôm tired
1521996750470406147,IHeartFargo,Wed May 04 23:34:37 +0000 2022,-73.9685415,40.780709,@crowkingart Oh I remember this one! It was great
1521996749564436480,amaze652,Wed May 04 23:34:37 +0000 2022,-75.77004099999999,42.746617,Dinner on deck tonight üòã Roasted Fresh Herb Chicken w/potatoes &amp;carrots..... https://t.co/rRlR8mjJ44
1521996750663262208,THEemerstan,Wed May 04 23:34:37 +0000 2022,-122.331639,47.595153,Destiny has arrived.‚Ä¶I‚Äôm on my way!#ChampionsLeague #CCL2022 #soundersmatchday https://t.co/KQweil3QLj
1521996751527415814,JaKeenFox,Wed May 04 23:34:37 +0000 2022,-96.053431,41.275721000000004,The usual‚Ä¶
1521996752257134593,purplerageee,Wed May 04 23:34:37 +0000 2022,-76.794891,39.368037,@the0nlydemi nothingüòÇ
1521996753041608706,pastanaks,Wed May 04 23:34:37 +0000 2022,-71.0887125,42.3136695,but seriously hope raanta is okay :/ never want to see a goalie hurt
1521996753381171201,asc89,Wed May 04 23:34:37 +0000 2022,-122.4359785,37.7706565,@tolstoybb You wire me $10k and I send you a SAFE and periodically send you juiced metrics about my crypto SaaS
1521996753490243584,tmj_sjc_web,Wed May 04 23:34:38 +0000 2022,-122.0363496,37.36883,"See our latest #Sunnyvale, CA #Digital job opportunity and click the link in our bio to apply: Project Manager at Cognizant"
1521996753536380929,KurtWang_eth,Wed May 04 23:34:38 +0000 2022,-79.616073,43.555244,@MccMixArt So amazing üëè
1521996753767182338,sfrates1973,Wed May 04 23:34:38 +0000 2022,-83.1738665,32.6782075,"@taylorlaw67 @KirstenPowers created by our government, our government honors these rights because we are created, f‚Ä¶ https://t.co/3DyioEWRGd"
1521996754631024640,superange128,Wed May 04 23:34:38 +0000 2022,-117.874032,33.617638,"@theaugusthail The Chivalry anime had main girl sniff MCs bed in first ep and getting super horny, then she clean M‚Ä¶ https://t.co/Dorw9DU4mZ"
1521996754715033600,riceandbeansgrl,Wed May 04 23:34:38 +0000 2022,-73.8311875,40.6708795,seeing that blonde bitch that roller skates around stop and shop is a little treat
1521996754828341248,DartezScott,Wed May 04 23:34:38 +0000 2022,-92.13127399999999,34.7519365,@truebill Taking donations for Scott's Family at https://t.co/WxxfunIEps Let's Goooo ‚ú®Ô∏è ‚ù§Ô∏è
1521996755088248832,VEbodypiercing,Wed May 04 23:34:38 +0000 2022,-122.51452419,45.50445519,Just posted a photo @ Velvet Elvis Piercing https://t.co/aWLKiNVl5M
1521996755994357760,charlie_rivs,Wed May 04 23:34:38 +0000 2022,-73.868811,45.4531075,Fucking shit
1521996756170514432,GamalielGrayiii,Wed May 04 23:34:38 +0000 2022,-94.5592815,39.1000485,@bosalem64546044 Classic
1521996756573110272,DuaneS39,Wed May 04 23:34:38 +0000 2022,-78.8818,42.993664499999994,EAT IT LINUS
1521996756648607745,daylightKBM,Wed May 04 23:34:38 +0000 2022,-79.861034,35.1704985,So I brought the cd box will i have a chance for New York? Or is that only london ?  #onopresale
1521996757563060224,_dacheck,Wed May 04 23:34:38 +0000 2022,-82.063185,33.4407175,I want some blue crabs and shrimp üò©
1521996757906853890,JeffHampl,Wed May 04 23:34:39 +0000 2022,-111.897284,33.342818,@TomShakely @compactmag_ More than half the nation already recognizes the federal judiciary as tainted and partial‚Ä¶ https://t.co/h1uCckbptO
1521996759219724291,sambowdenakbari,Wed May 04 23:34:39 +0000 2022,-73.9685415,40.780709,"@ke_sufferer Whomst? I will come for them. In the words of our Anne Lister, ‚Äúthey‚Äôll have to go through me first.‚Äù ü•∑üèºüî´üôÖüèª"
1521996757374468096,FresnoAIDSwalk,Wed May 04 23:34:38 +0000 2022,-119.7824645,36.786041999999995,We are proud to announce that we are officially returning to an in-person format for the 2022 @FresnoAIDSwalk &amp; 5K‚Ä¶ https://t.co/uzmiNuEm2u
1521996759345545217,AloyisusPaul,Wed May 04 23:34:39 +0000 2022,-83.1738665,32.6782075,"Joe, you call yourself a Catholic, I don‚Äôt think so because we do not approve in abortions At All so you are a Cath‚Ä¶ https://t.co/xgnJFQXQMB"
1521996759534239744,ceelibaaby_,Wed May 04 23:34:39 +0000 2022,-121.469664,38.561722,@gaabriellaaaL Imma do it this week when I get all ready üòÇ‚ù§Ô∏è
1521996759655800832,DrEyeTarib,Wed May 04 23:34:39 +0000 2022,-105.5508905,38.997935999999996,Thank you @vitamindeena for capturing these moments üòç
1521996759823749120,LindaLa28611623,Wed May 04 23:34:39 +0000 2022,-71.0887125,42.3136695,@barlowered Indeed!
1521996758070476803,EraPrep,Wed May 04 23:34:39 +0000 2022,-80.309084,26.74736,Bottom 4th/End 4th Inning@DwyerHSbaseball 5@ohlionsbsb 0@jacksavery8: Needs 2 hits to become Dwyer‚Äôs all-time‚Ä¶ https://t.co/QNA7QefJj8
1521996761019019264,tortillablanket,Wed May 04 23:34:39 +0000 2022,-118.4119065,34.0207895,thank you tnt for letting me know the sixers are playing against nobody despite being in miami rn
1521996761174360064,TheQueenVee,Wed May 04 23:34:39 +0000 2022,-73.977717,40.705597499999996,Had fun meeting our newest volunteers! If you are interested in volunteering for the Alliance please click or copy‚Ä¶ https://t.co/6OY2R5mC9I
1521996763032342528,SceneByAshlix,Wed May 04 23:34:40 +0000 2022,-71.0887125,42.3136695,"@DailyMail Chile, I would have got legal representation before I signed ANY contract with those two AND added stipu‚Ä¶ https://t.co/hvUOJwPmkG"
1521996763636412416,metaversejosh,Wed May 04 23:34:40 +0000 2022,-87.7899005,41.8871295,@0xigami @benbodhi @gnars_dao @nounsdao They got a verbs dao yet? I‚Äôm really into verbs. I‚Äôll dig into this cult. Looks cool. üòÖ
1521996763527364613,upnatom2,Wed May 04 23:34:40 +0000 2022,-75.9746375,39.591280499999996,"We got to make love, the time is right. We got to make love tonight #RockHall2022 #JudasPriest #metalgodshttps://t.co/LWMYbrj2FZ"
1521996762021515268,perkpowe,Wed May 04 23:34:40 +0000 2022,-83.804475,27.698681999999998,#pugchat a3: Not really. They love to eat the petals that fall off ALL of the flowers! üòÇ https://t.co/uk0fEqwi2o
1521996763909009408,PaulWil32412994,Wed May 04 23:34:40 +0000 2022,-97.011168,32.655677999999995,@Cowboys_FanTalk Got no problem with Steele. More concerned about Collins.
1521996764764684289,VikramSwamy3,Wed May 04 23:34:40 +0000 2022,-82.70777799999999,27.8610145,@notlikecali happy birthday üéÇ
1521996765964165122,LindaDrogin,Wed May 04 23:34:40 +0000 2022,-73.9685415,40.780709,"So, so special...a light in these darkest days"
1521996766236659712,michele_kang,Wed May 04 23:34:41 +0000 2022,-122.3306025,47.614817,@themikalaleeann bitch it WORKS üò´üëèüèºüëèüèºüëèüèºüëèüèºüëèüèºüëèüèºüëèüèº
1521996766618529793,tylerelguapo13,Wed May 04 23:34:41 +0000 2022,-79.861034,35.1704985,YO IS THAT FULLER!?
1521996766115102720,gaymenssketch,Wed May 04 23:34:41 +0000 2022,-122.4359785,37.7706565,Gay Men's Sketch5/10th; 6:30pm SF time. In-person in SF &amp; online.Model: ThomasHe is new and shy. But he won't b‚Ä¶ https://t.co/cFyXwvt3Ha
1521996768480800771,yella916,Wed May 04 23:34:41 +0000 2022,-84.31507049999999,33.8745435,@danko91344028 You actually have a nice thick 7.5
1521996768572968960,CHawksRun,Wed May 04 23:34:41 +0000 2022,-122.83160649999999,45.415685499999995,"@Prince3eb She is really charismatic, just puts a smile on your face listening to her"
1521996768770146304,caseydvsh,Wed May 04 23:34:41 +0000 2022,-73.9487755,40.655138,@therennytshow Screaming ü§£ü§£ü§£
1521996769785167875,rosina29825836,Wed May 04 23:34:41 +0000 2022,-80.19459950000001,27.14204,"@CindyKendrick11 Why do I weigh only 85 pounds, eyebrows over arched like Michele Obama, and a haircut like a man??"
1521996770292731904,KAHTASKIFY187,Wed May 04 23:34:42 +0000 2022,-72.54558449999999,42.1130625,@MckelveyNyaja @Issabraceface_ I TRIED AT LEAST LMMFAO!
1521996772108759040,sassthehuman,Wed May 04 23:34:42 +0000 2022,-117.851089,33.842863,"Officially just planned my birthday trip overseas for 2 weeks, which is also counting as my graduation present from me to me ‚úåÔ∏è"
1521996772440084481,heathergogo,Wed May 04 23:34:42 +0000 2022,-117.253906,33.045009,@donald_trump_47 I did
1521996772909924353,AntonChigurh81,Wed May 04 23:34:42 +0000 2022,-71.0887125,42.3136695,Bruins are a fucking mess
1521996773354467328,Wraith196644,Wed May 04 23:34:42 +0000 2022,-115.135165,36.0609645,@ClayTravis This guy is such an embarrassment to this country.
1521996773312540673,paintedlbird7,Wed May 04 23:34:42 +0000 2022,-121.8737305,37.331159,Back on my bullshit #DSA #systemsdesign #catswhocode https://t.co/QdSFtCewzN
1521996774277357568,chidube86,Wed May 04 23:34:42 +0000 2022,-100.0768885,31.1688935,"@NJadakiss ""I'm never going back, never going back. No, you can't make me."" (Singing in my Sza voice)"
1521996775652999169,JuggaloHypeMike,Wed May 04 23:34:43 +0000 2022,-87.883405,42.589265499999996,My fever 102 üò≠ just took meds so hopefully it goes down within 4 hours if not I gotta go to hospital
1521996776009576448,1634meadery,Wed May 04 23:34:43 +0000 2022,-70.84777700000001,42.674774,@mikewhitmore Love it!
1521996776193990656,mogul_interior,Wed May 04 23:34:43 +0000 2022,-80.08373983,26.35249786,Mother‚Äôs Day handmade gifts @mogulinterior @ Mogulinterior https://t.co/07Pd8ZI8RX
1521996774952558592,M6Sports,Wed May 04 23:34:43 +0000 2022,-86.27053950000001,45.001180000000005,Virtual Reality Football #football  #virtualreality #m6 https://t.co/0A2O6j2kFV
1521996777645391874,DonGhotti,Wed May 04 23:34:43 +0000 2022,-80.23324400000001,26.6249075,@Queen_NoCrown Oh I‚Äôve found my spots now.
1521996777733476352,cardinals150,Wed May 04 23:34:43 +0000 2022,-94.5449485,37.164145500000004,@pickleator @rickhasen @LeahLitman @ProfMMurray No one would survive in public office voting for that
1521996778740011008,HogFarmerJeff,Wed May 04 23:34:44 +0000 2022,-76.069946,36.8025415,"@HogFarmerJoe @HogfarmerChris @Kgskins26 @hogfarmercorey @HOGFARMERKJ Never said I wouldn‚Äôt go, just can‚Äôt promise I won‚Äôt turn green"
1521996779394379776,blloyd8298,Wed May 04 23:34:44 +0000 2022,-78.487448,38.0400365,2022 Heisman candidate Brennan Armstrong
1521996780489125890,JusCallMeLani,Wed May 04 23:34:44 +0000 2022,-84.433106,33.7671945,27 outs
1521996781147631621,say_ques,Wed May 04 23:34:44 +0000 2022,-95.44648649999999,29.838495,@Mr_jayhill God you were talking to some bozos! ü§¶üèΩ‚Äç‚ôÇÔ∏è
1521996781629882369,EV_Baseball,Wed May 04 23:34:44 +0000 2022,-93.251927,44.743136,‚ö°Ô∏ètake the lead with bases loaded HBP and walk!!  6-5 ‚ö°Ô∏è!!!  üî•with pitching change.  Still bases loaded 1 out!  #Family
1521996780744888321,Omo_Oya43,Wed May 04 23:34:44 +0000 2022,-73.8311875,40.6708795,Me on the morning of my 46th trip around the sun‚Ä¶ https://t.co/O1tfcQ329e
1521996781399203842,dancingvalentin,Wed May 04 23:34:44 +0000 2022,-79.2725695,43.629311,@anniezaleski @duranduran Facts!  Was so happy when I got this back in the day. https://t.co/t1Oh6CcbKf
1521996782229721089,WellsGrayPhoto,Wed May 04 23:34:44 +0000 2022,-79.861034,35.1704985,üí• Let‚Äôs go!!!! #canes
1521996782548307969,piangfa,Wed May 04 23:34:44 +0000 2022,-122.4922635,37.8583125,"‚úîÔ∏è he did, he does, he is continuing doing, he will keep doing and on and on. @elonmusk"
1521996782892425222,careyanncomeau,Wed May 04 23:34:45 +0000 2022,-71.011893,42.5927155,This is not fun. I‚Äôm not having any fun.
1521996783504789506,RayDolla860,Wed May 04 23:34:45 +0000 2022,-73.022108,41.5665785,Chapman fucking crushed that ball sheesh
1521996783966056454,johnnysfgiants,Wed May 04 23:34:45 +0000 2022,-121.6412685,36.6891495,@ShamsCharania And will be out next season too
1521996784331104257,mryannagy,Wed May 04 23:34:45 +0000 2022,-79.9806895,40.431388999999996,@TeznasGV Yup. Great deal.
1521996783848759296,mikeg_41393,Wed May 04 23:34:45 +0000 2022,-75.117998,40.0048655,@GabeLugoPIO All I can think of when I see this drawing‚Ä¶ https://t.co/cmCEzhbxDK
1521996784607895560,TheBLKrisJenner,Wed May 04 23:34:45 +0000 2022,-86.2418955,43.2329665,@AyeLegg2Real Lmmfao hell nawl i gotta binge that on the weekends I ain‚Äôt even mean to like this show ü§£ü§£ü§£
1521996784813457408,thirtxiiin,Wed May 04 23:34:45 +0000 2022,-87.798147,41.565971000000005,@thisguy3496 Yay amigo!! So happy for u what are u gonna do with your free time ??
1521996785182420992,Kameron_Hay,Wed May 04 23:34:45 +0000 2022,-118.3512175,33.8337145,I would say there is still time to delete this but I would be lying
1521996786449145856,Ibrahim65253877,Wed May 04 23:34:45 +0000 2022,-73.37293149999999,40.687259999999995,Only this country hurt and kill heart working innocent peoples for f* selfish mentally sick ego  abusing drivers an‚Ä¶ https://t.co/IeEQFeQ9Xy
1521996787384565768,aschnitt53,Wed May 04 23:34:46 +0000 2022,-77.9313565,35.738678,That was Fast
1521996788139450369,nasheiim,Wed May 04 23:34:46 +0000 2022,-83.804475,27.698681999999998,Craving matcha boba
1521996788374327296,DetroitEric82,Wed May 04 23:34:46 +0000 2022,-83.060077,42.351556,Here waiting for Big K.R.I.T to come out üé∂üé∂üé∂
1521996787715817473,_ReginaldWigg,Wed May 04 23:34:46 +0000 2022,-85.4915405,32.597245,Thank you Mother Tuskegee üêÖ https://t.co/0Z3esM8guC
1521996789179731969,FrankIsInTwitmo,Wed May 04 23:34:46 +0000 2022,-80.0333945,40.518436,@THstraya2017 How everything goes ok.
1521996789414572032,cduvall30,Wed May 04 23:34:46 +0000 2022,-96.7311425,43.5410145,@Xioffaa Hope it gets better for you! Rest up
1521996789808697346,TheWittyGirl,Wed May 04 23:34:46 +0000 2022,-118.4119065,34.0207895,"Listening to men should be considered a physical activity. But instead of burning calories, you burn brain cells."
1521996789821366273,mosby_23,Wed May 04 23:34:46 +0000 2022,-86.1531435,41.674542,"@TheClemReport Idk Clem, I feel like they could be orange from you rubbing your fingers across them checking for th‚Ä¶ https://t.co/l8ZrqFrBPg"
1521996790064631808,patrollbergeron,Wed May 04 23:34:46 +0000 2022,-96.75049100000001,40.275549,Yeah we lost
1521996790886592512,tmj_lax_art,Wed May 04 23:34:46 +0000 2022,-118.255075,34.1425078,"Don't submit then quit. Apply for jobs like ""DreamWorks Feature - Cycles Animator"" at DreamWorks, then look for peo‚Ä¶ https://t.co/dQ6N7bzvds"
1521996791088099328,run_marc_run,Wed May 04 23:34:46 +0000 2022,-78.6372695,42.910005,The Blue Jays are in the flight. #NextLevel
1521996792115593216,zenrhino,Wed May 04 23:34:47 +0000 2022,-105.158491,39.926062,@J_Czapper Here you go:Print that out and plaster it all over TNC. https://t.co/DIvdfUND49
1521996793168412672,kidneytweets,Wed May 04 23:34:47 +0000 2022,-83.13928100000001,40.1252735,@asouth_neph @NCHKidneyCenter @llschwartzphd @skyeboy19 @Sarah_Linn16 We may have had a similar discussion in my household!
1521996793776537600,KSNews,Wed May 04 23:34:47 +0000 2022,-155.116594,19.7178167,Join us on our mission to fulfill Pauahi‚Äôs desire to create educational opportunities in perpetuity to improve the‚Ä¶ https://t.co/S5ecU8kTUp
1521996796830101504,zack_daniels2,Wed May 04 23:34:48 +0000 2022,-78.8954405,35.9909825,NORTH CAROLINAAAA @Canes goal
1521996797182369792,bzygo,Wed May 04 23:34:48 +0000 2022,-95.44648649999999,29.838495,Anonymous Hackers Warn Supreme Court Against Overturning Roe vs. Wade: 'Expect Us' https://t.co/jxR6nr65Km
1521996797773852677,Aaronhicklin,Wed May 04 23:34:48 +0000 2022,-73.9685415,40.780709,The rare occasions I see a Body Shop i feel such nostalgia for the late 80s - and dewberry shower gel.
1521996799267024897,pjwilcox77,Wed May 04 23:34:48 +0000 2022,-84.49224159,38.04154315,"Best chicken ever!! @ Gus's World Famous Fried Chicken Lexington, KY https://t.co/kZDkE33K3F"
1521996799631781888,TheCaptain1999,Wed May 04 23:34:49 +0000 2022,-79.85736349999999,36.090396999999996,Dude is naked thumping his dong on his buddy. Just come out already @CawthornforNC
1521996799845744640,janinee______,Wed May 04 23:34:49 +0000 2022,-73.8311875,40.6708795,Cant wait to hear it
1521996798210064384,KOCOAbigail,Wed May 04 23:34:48 +0000 2022,-98.716992,35.3090465,I hate seeing this. Damaging tornado tears through near Maud. Debris in the air now. 6:32pm https://t.co/OmZlYpxdol
1521996800202264577,Mike_Ambro9,Wed May 04 23:34:49 +0000 2022,-100.0768885,31.1688935,Lets freaking gooo
1521996800630132736,Usctim2,Wed May 04 23:34:49 +0000 2022,-80.926628,33.6311395,@MinxxIsBack45 Well BLM and antifa are giving us a run for our money. üôÑ
1521996801007669250,thedameliosiste,Wed May 04 23:34:49 +0000 2022,-80.8467855,35.209058999999996,@dixiedamelio how to upgrade the Ticket if I already brought
1521996801099931648,ideapharma,Wed May 04 23:34:49 +0000 2022,-118.4119065,34.0207895,Pharma companies chasing AI Discovery‚Ä¶ Pharma companies seeing computational biology Discovery üòÖhttps://t.co/IXH004VNYa
1521996801750052866,Podia2Dromedary,Wed May 04 23:34:49 +0000 2022,-73.9685415,40.780709,"@LittleMissLizz If reading was happening, there would be no evangelical movement. Thats  why they focus on book ban‚Ä¶ https://t.co/yiDLMZkmjM"
1521996802064535553,ApplePasta,Wed May 04 23:34:49 +0000 2022,-82.532321,28.1033755,@maureen2912 Happy birthday!
1521996802496471040,CosmicFilaments,Wed May 04 23:34:49 +0000 2022,-117.0093985,33.935967,@Kierryk345 They‚Äôre trying to get your head to ‚Äòsplode.
1521996802521763841,cashtro27,Wed May 04 23:34:49 +0000 2022,-88.0126575,41.8734965,I‚Äôm still shook I can‚Äôt believe that happened üò≠üò≠üò≠
1521996802907586562,laurenhtexas,Wed May 04 23:34:49 +0000 2022,-76.62048200000001,39.284712999999996,Henry Golding could steal my car and I‚Äôd say thanks
1521996803352182790,kswboyles,Wed May 04 23:34:49 +0000 2022,-77.60468399999999,41.1179365,@kerinteach A9) I created a guide for educators to help guide them into finding events for the classroom and events‚Ä¶ https://t.co/UY4QZmdQsc
1521996804560240642,GraceC4David,Wed May 04 23:34:50 +0000 2022,-73.9685415,40.780709,@Henny3428 Glad u like it. I think it's kinda cool how it turned out
1521996806648963072,travis_robert,Wed May 04 23:34:50 +0000 2022,-73.9685415,40.780709,A huge beautiful Doberman just came up to me on a park bench to say hi. That is all.
1521996806514741255,Seasoned4u,Wed May 04 23:34:50 +0000 2022,-85.7223455,38.195555,#VoteforShameka on May 17th. Early voting starts May 12th. Listen out for our new radio ad on WLOU 104.7 FM &amp; 1350‚Ä¶ https://t.co/Dat0e4BhL6
1521996807122870277,DJGENERALMEALZ,Wed May 04 23:34:50 +0000 2022,-96.699604,33.1946515,Only in Miami can your NBA Team be #1 ranked in the playoffs and your stands are only halfway filled smh
1521996808301563904,sfrates1973,Wed May 04 23:34:51 +0000 2022,-83.1738665,32.6782075,@taylorlaw67 @KirstenPowers is why make ours special.
1521996808330874886,_shanaziaa,Wed May 04 23:34:51 +0000 2022,-86.24472850000001,32.364145,I‚Äôm having Hennessy in my graduation pictures next year üôÉ
1521996809412878339,RamtinIrandost,Wed May 04 23:34:51 +0000 2022,-120.987468,37.663817,These people are disgusting. That statement says so much about what they think of women and education.
1521996810788737026,x_t_pd,Wed May 04 23:34:51 +0000 2022,-80.65181799999999,27.986947,Why is Ben Dreyfuss
1521996811078189057,JaykTRT,Wed May 04 23:34:51 +0000 2022,-71.0887125,42.3136695,Can the Bruins maybe do something? Anything?
1521996810931351555,TurboHoodie,Wed May 04 23:34:51 +0000 2022,-87.732013,41.8335845,It‚Äôs halfway through 2022 and I haven‚Äôt made any progress on my new year‚Äôs resolution to play video games with‚Ä¶ https://t.co/oLVwYvunlB
1521996811942170624,Uli_GEE,Wed May 04 23:34:51 +0000 2022,-87.732013,41.8335845,@ortiz_royski @LDRS1354 Thanks Royski ü§òüèΩü§òüèΩü§òüèΩ
1521996812239921154,Jackie_Carp,Wed May 04 23:34:52 +0000 2022,-94.187525,36.035384,"Proud is an understatement!  Ms, Carpenter, officially a high school teacher.  #fhs https://t.co/Wh5ELlwSCP"
1521996813045313536,alex_nicholos,Wed May 04 23:34:52 +0000 2022,-78.657837,35.8439815,Ayeeee yo fuck the bruins
1521996814089654273,PagePtsa,Wed May 04 23:34:52 +0000 2022,-79.85736349999999,36.090396999999996,@DrMutawally @nagleee @hettenm @page_counseling Yum üòã Thank You to ALL of our Page teachers and staff.
1521996813955444737,plus_lindsey,Wed May 04 23:34:52 +0000 2022,-76.707275,39.252024,Hey @JustinRoberts I have a gift for you!  üßÅüßÅ https://t.co/TZU0oYYp3w
1521996815737884672,amdaleynews,Wed May 04 23:34:52 +0000 2022,-119.30660750000001,37.2691755,@ActualWizard1 @Timcast Tim didn't say it. He posted a tweet from someone else who said it and he was laughing at it.
1521996815851212801,NickGatesPhoto,Wed May 04 23:34:52 +0000 2022,-117.624764,33.436817,All the feels. #sanclemente #sunset #nickgatesphotography #sanclementebeach #orb #chill #goodvibes #goodtimes #rad‚Ä¶ https://t.co/H3Pi9hAfqH
1521996815830237185,Danno2430,Wed May 04 23:34:52 +0000 2022,-73.9487755,40.655138,Jesper Fast with a goal https://t.co/ocwiVVrcvq
1521996816291614722,KrystleEmerald_,Wed May 04 23:34:52 +0000 2022,-73.9685415,40.780709,Ehhhh‚Ä¶ I would let Nike tech and Yeezys slide but outside of that. No.
1521996816849457154,RochieWBZ,Wed May 04 23:34:53 +0000 2022,-71.1654995,42.649235,#NHLBruins fall behind 1-0
1521996817117990914,InsaneBus,Wed May 04 23:34:53 +0000 2022,-80.926628,33.6311395,"I don't vote red, yellow, green or blue. I vote for a candidate that will represent my opinions on things. I vote t‚Ä¶ https://t.co/7ri79bDHi8"
1521996817390522369,4LoveOfTheRoad,Wed May 04 23:34:53 +0000 2022,-84.55789899999999,42.712049,@j_yiddy @Philoviridae @davidhogg111 So it's okay for Liberal Activists to pay to have protesters bussed to BLM or‚Ä¶ https://t.co/wirrOp53bN
1521996817847705604,AngieDistel,Wed May 04 23:34:53 +0000 2022,-83.11729600000001,41.3664945,@SistersImages @betterhelp Unhappy marriage. Do parents ask their children for permission to divorce a spouse? My c‚Ä¶ https://t.co/UV7fX4dtYc
1521996817126375427,BBMPROGRAM,Wed May 04 23:34:53 +0000 2022,-89.92202900000001,35.1335205,Today was another successful day to see the smiles on the Teacher‚Äôs faces! We blessed the teachers @SouthwindElem w‚Ä¶ https://t.co/DaD2FS5FTC
1521996819877838848,lincolnmkxone,Wed May 04 23:34:53 +0000 2022,-79.9135205,43.2606955,@CPC_HQ Define freedom?
1521996820309811202,oooshefineee,Wed May 04 23:34:53 +0000 2022,-91.0907995,30.4591,I can‚Äôt believe I‚Äôve never had a photoshoot yet.. like wtf
1521996820804681730,YatPundit,Wed May 04 23:34:54 +0000 2022,-90.1786295,30.001244,@GumboPac @TheAtlantic and 2022 will be the Return of Jim Crow.
1521996820674662401,SharonDoesStuff,Wed May 04 23:34:54 +0000 2022,-104.98360001,39.7391,"Just posted a photo @ Denver, Colorado https://t.co/n2NWrPN4if"
1521996821572243459,trvp_svuce,Wed May 04 23:34:54 +0000 2022,-95.44648649999999,29.838495,doubling back is for the weak.
1521996821857402881,2_baked,Wed May 04 23:34:54 +0000 2022,-104.92209349999999,39.713563,@joeysipNFT Sup famüî•
1521996823430242305,JakeDuarte43,Wed May 04 23:34:54 +0000 2022,-120.67429,35.6310385,The Kentucky Derby is this Saturday I‚Äôm putting 2000 Doge on happy jack. Nice knowing ya suckers! :) https://t.co/xdYDI5euSp
1521996824562876424,anwarz22,Wed May 04 23:34:54 +0000 2022,-79.616073,43.555244,@ImranRiazKhan Looting
1521996824659337217,SumBlaqStreamer,Wed May 04 23:34:54 +0000 2022,-80.2333285,25.7823535,This was insane ü§£ü§£ü§£
1521996824890032128,armandojdavis3,Wed May 04 23:34:55 +0000 2022,-70.966855,42.478737,I‚Äôm my heart I know u real but I need something good and stable right now sorry I‚Äôm disobedient
1521996826777309184,DazedGreen,Wed May 04 23:34:55 +0000 2022,-81.30833347,28.59614557,It‚Äôs great to be back at the geek for open mic night. @ The Geek Easy https://t.co/E1B4VvyszT
1521996827125592066,Kinglytle30,Wed May 04 23:34:55 +0000 2022,-82.985772,39.9946835,@ro_rolland I know his chest hurt üò≠üò≠üò≠
1521996827452657666,_worldGreatest,Wed May 04 23:34:55 +0000 2022,-86.6807375,32.576227,@deylOVEkee do you remember üòÇüòÇüòÇüòÇüòÇüòÇüòÇ
1521996828543127553,loveandnate,Wed May 04 23:34:55 +0000 2022,-118.4119065,34.0207895,Thanks for 2000 followers in a little over a month! @DegenToonz @Deadfellaz and @crookznft are supportive AF!
1521996828706840578,CaptainShiba_,Wed May 04 23:34:55 +0000 2022,-95.44648649999999,29.838495,@Jayecane please I need this. well done
1521996829147246593,nailthot,Wed May 04 23:34:56 +0000 2022,-96.961483,32.863917,"Also, not everyone who gets pregnant is ‚Äúirresponsible‚Äù. I was on birth control and it failed lol"
1521996830351007744,rileycoffman10,Wed May 04 23:34:56 +0000 2022,-102.344087,31.873838499999998,This is why I respect baseball a whole lot more than any other sport. These athletes just get it. They understand t‚Ä¶ https://t.co/eyK0V7oE7x
1521996831072346117,jameseshelman,Wed May 04 23:34:56 +0000 2022,-77.60468399999999,41.1179365,Vierling does a Car Shield commercial!?!?!? ü§£
1521996831227527168,Draccus5,Wed May 04 23:34:56 +0000 2022,-75.903592,42.111785499999996,@Tratoar @TheLeoTerrell Promises or sedition?
1521996831475093504,BluePrinceton,Wed May 04 23:34:56 +0000 2022,-93.3613205,46.441860500000004,"@BruceCargin You got it, projection is their game."
1521996831831384064,tmj_fre_edu,Wed May 04 23:34:56 +0000 2022,-120.3815574,36.7535611,"The Stepping Stones Group is hiring in Mendota, CA! Click the link in our bio to apply: Speech Language Pathologist (SLP) #SLP #Speech"
1521996832439775232,haleyyprice_,Wed May 04 23:34:56 +0000 2022,-82.6694675,40.365159500000004,thank you so much!!!! Hope you love the shirtüíñüíñüíñüíñ
1521996833664475138,d33jayjuan,Wed May 04 23:34:57 +0000 2022,-86.791549,36.200008,I wanna suck her tiddies like she my mama on Mother‚Äôs Day
1521996834847301633,MKopack,Wed May 04 23:34:57 +0000 2022,-79.861034,35.1704985,@WillPesek_ He made no move at all to try and stop.
1521996834998308864,keezygoated,Wed May 04 23:34:57 +0000 2022,-91.0907995,30.4591,@Kasp3rdaghost When yo b day
1521996835451068416,JUHSDCareers,Wed May 04 23:34:57 +0000 2022,-122.4823335,37.6824087,"We're hiring! Click to apply: Physics Teacher - Westmoor High School (0.6 FTE) -- $3,000 Signing Bonus -‚Ä¶ https://t.co/jbOtbaLvjW"
1521996835497279488,casacareers,Wed May 04 23:34:57 +0000 2022,-117.7469367,34.0975963,You‚Äôll find it gratifying to work as a member of our nursing team. We are nationally recognized for our programs as‚Ä¶ https://t.co/GHlaqTeuUP
1521996835690356736,CoachSmerkerWHS,Wed May 04 23:34:57 +0000 2022,-83.1738665,32.6782075,Let‚Äôs goooo! Congrats Cory!
1521996837502259201,jrhockeywriter,Wed May 04 23:34:58 +0000 2022,-68.98470499999999,45.188407,Carolina Hurricanes got your message
1521996838227828736,TimFullerton,Wed May 04 23:34:58 +0000 2022,-73.9487755,40.655138,@Crobama @joshtpm My guess is Kavanaugh is the one they‚Äôre ‚Äúlocking in.‚Äù I can‚Äôt see him moving now unless he‚Äôs wil‚Ä¶ https://t.co/MlvP8f1gG8
1521996838718558209,BeaReno,Wed May 04 23:34:58 +0000 2022,-74.15394699999999,40.572376000000006,@CAKEMUSIC @atrupar ‚ÄúDon‚Äôt indoctrinate our kids.‚Äù???ü§¨
1521996838332559360,NWSAmarillo,Wed May 04 23:34:58 +0000 2022,-100.42036285,35.42676767,"A special weather statement has been issued for Wheeler TX, Mobeetie TX and  Briscoe TX until 7:00 PM CDT https://t.co/EMm19OZRsM"
1521996838940950529,beyoncefanacct,Wed May 04 23:34:58 +0000 2022,-87.732013,41.8335845,i think i'm too hot and smart for any man tbh
1521996839964356610,UWFairfieldCoOH,Wed May 04 23:34:58 +0000 2022,-82.6026,39.7134,Yesterday we got to celebrate our dedicated Tax Volunteers! Thank you to your hard work and support in preparing ov‚Ä¶ https://t.co/So7UOPzeBx
1521996840614436866,YoungMizoe305,Wed May 04 23:34:58 +0000 2022,-83.804475,27.698681999999998,Let‚Äôs go @MiamiHEAT üî•üî•üî•üî•üî•üî• ‚Ä¶
1521996841017032705,_spoiledkayy,Wed May 04 23:34:58 +0000 2022,-86.24472850000001,32.364145,AT ALL üòÆ‚Äçüí®
1521996841100791808,ATweetsville,Wed May 04 23:34:58 +0000 2022,-120.882482,47.273022,@ThatChristinaG That Felix Da Housecat remix of ‚ÄúSinnerman‚Äù üíãü§å
1521996840694173700,MamaToAyden,Wed May 04 23:34:58 +0000 2022,-83.804475,27.698681999999998,Just chilling üòä loving myself more and more each day üòçü•µ https://t.co/xu8mu6GpYv
1521996841684021250,Qurat_tal64,Wed May 04 23:34:59 +0000 2022,-74.7243235,40.073040500000005,@ImranRiazKhan Grow up man
1521996840199204865,VolumeUtah,Wed May 04 23:34:58 +0000 2022,-111.91702599999999,40.765805,"O.M.G. Have you heard?! These bangers are on their way to SLC! ü§© @SoundwellSLC, @ComplexSLC, @theunionec, and‚Ä¶ https://t.co/L8nAIbicyl"
1521996842073960453,dosluchtoir,Wed May 04 23:34:59 +0000 2022,-111.7375655,33.4057545,"@AnaheimTank99 @AAApitcher Depends on if that lamp is showing an angels game, if it is, it‚Äôll be exciting until RenDONT gets up to bat"
1521996842208272385,sass3366,Wed May 04 23:34:59 +0000 2022,-95.44648649999999,29.838495,@jackielouwho1 @RepCawthorn No. My eyes cannot take that.
1521996842283802629,MichaelBruner,Wed May 04 23:34:59 +0000 2022,-81.921456,41.490977,@michaeljknowles I know you're annoying but that is still absurd.
1521996843000938496,BearcatNation32,Wed May 04 23:34:59 +0000 2022,-78.8954405,35.9909825,Goal baby goal baby goal baby
1521996844053712899,robinkoretsky,Wed May 04 23:34:59 +0000 2022,-96.7617535,32.819858499999995,"@ElizGriff2016 Oh no ..... they must be gone by now, and hopefully completed the installation."
1521996844271820800,Maurice46478372,Wed May 04 23:34:59 +0000 2022,-81.3677725,28.501678499999997,@UncvrngTheTruth Just fooling around is that what they call it now
1521996843965628416,CallMeCoachVP,Wed May 04 23:34:59 +0000 2022,-72.957097,41.273170500000006,So he DM‚Äôd dudes wife‚Ä¶ so what? ü§∑üèæ‚Äç‚ôÇÔ∏è https://t.co/yHg6JMkrir
1521996845064638465,DuhwayneBangz,Wed May 04 23:34:59 +0000 2022,-96.7617535,32.819858499999995,Omg I shoulda called this food in
1521996845291028481,CFityere,Wed May 04 23:34:59 +0000 2022,-74.9465495,40.016739,@CComparri Congratulations!
1521996845748269060,Free_PatriotIII,Wed May 04 23:35:00 +0000 2022,-75.77004099999999,42.746617,"Hang on, Gavin. Some in your group say men can get pregnant. They're certainly saying men can have periods. If men‚Ä¶ https://t.co/U8TVFvUcwF"
1521996846498910209,Pastry_Jeff,Wed May 04 23:35:00 +0000 2022,-117.17254349999999,32.650102000000004,@ChannelAwesome üòê I'm gonna go out on a limb and say that Tim Curry as the reporter was the deciding factor?
1521996846842929158,_BlakeThorne,Wed May 04 23:35:00 +0000 2022,-71.812438,42.275760000000005,"Fast nets one, 1-0 Carolina."
1521996846956171265,JustTahlee,Wed May 04 23:35:00 +0000 2022,-97.552161,35.4828435,2-3 tornadoes in the same spot LMAOOO welcome to Oklahoma
1521996847191150597,MetaTeddys,Wed May 04 23:35:00 +0000 2022,-73.8311875,40.6708795,@MyDogIsHighAF See you soon! üî• Let me know which one you mint!
1521996847962894340,JazzieElle,Wed May 04 23:35:00 +0000 2022,-75.77004099999999,42.746617,#HoldMyHand epic. Thank you @ladygaga can't wait to see #MAVERICK
